{"cameraMode":{"drawMode":0,"name":"Shaded","section":"Shading Mode"},"sceneLighting":true,"audioPlay":false,"sceneViewState":{"m_AlwaysRefresh":false,"showFog":true,"showSkybox":true,"showFlares":true,"showImageEffects":true,"showParticleSystems":true,"showVisualEffectGraphs":true,"m_FxEnabled":false},"in2DMode":false,"pivot":{"x":-0.5512657165527344,"y":0.7366613149642944,"z":-0.14848089218139649},"rotation":{"x":-0.10153323411941529,"y":0.013434446416795254,"z":-0.0013697630492970348,"w":-0.9947446584701538},"size":3.8608102798461916,"orthographic":false}