{"cameraMode":{"drawMode":0,"name":"Shaded","section":"Shading Mode"},"sceneLighting":true,"audioPlay":false,"sceneViewState":{"m_AlwaysRefresh":false,"showFog":true,"showSkybox":true,"showFlares":true,"showImageEffects":true,"showParticleSystems":true,"showVisualEffectGraphs":true,"m_FxEnabled":false},"in2DMode":false,"pivot":{"x":0.3893316984176636,"y":0.002553224563598633,"z":6.372897148132324},"rotation":{"x":0.0641370341181755,"y":0.03382575884461403,"z":-0.0021807558368891479,"w":0.9973775744438171},"size":7.9963836669921879,"orthographic":false}