{"cameraMode":{"drawMode":0,"name":"Shaded","section":"Shading Mode"},"sceneLighting":true,"audioPlay":false,"sceneViewState":{"m_AlwaysRefresh":false,"showFog":true,"showSkybox":true,"showFlares":true,"showImageEffects":true,"showParticleSystems":true,"showVisualEffectGraphs":true,"m_FxEnabled":false},"in2DMode":false,"pivot":{"x":-1.1660337448120118,"y":0.1478579044342041,"z":6.879122257232666},"rotation":{"x":-0.09131070971488953,"y":0.04150490090250969,"z":-0.0038106197025626899,"w":-0.9949638843536377},"size":8.885828971862793,"orthographic":false}