{"cameraMode":{"drawMode":0,"name":"Shaded","section":"Shading Mode"},"sceneLighting":true,"audioPlay":false,"sceneViewState":{"m_AlwaysRefresh":false,"showFog":true,"showSkybox":true,"showFlares":true,"showImageEffects":true,"showParticleSystems":true,"showVisualEffectGraphs":true,"m_FxEnabled":false},"in2DMode":false,"pivot":{"x":0.07726162672042847,"y":2.321620464324951,"z":15.964631080627442},"rotation":{"x":0.0059836567379534248,"y":-0.007524234242737293,"z":-0.000030096256523393095,"w":-0.9999752044677734},"size":4.892127513885498,"orthographic":false}