{"cameraMode":{"drawMode":0,"name":"Shaded","section":"Shading Mode"},"sceneLighting":true,"audioPlay":false,"sceneViewState":{"m_AlwaysRefresh":false,"showFog":true,"showSkybox":true,"showFlares":true,"showImageEffects":true,"showParticleSystems":true,"showVisualEffectGraphs":true,"m_FxEnabled":false},"in2DMode":false,"pivot":{"x":-2.056926727294922,"y":3.480374336242676,"z":0.10415942966938019},"rotation":{"x":-0.005334983114153147,"y":0.7021995186805725,"z":-0.005294616799801588,"w":-0.7119837403297424},"size":2.1564528942108156,"orthographic":false}