{"cameraMode":{"drawMode":0,"name":"Shaded","section":"Shading Mode"},"sceneLighting":true,"audioPlay":false,"sceneViewState":{"m_AlwaysRefresh":false,"showFog":true,"showSkybox":true,"showFlares":true,"showImageEffects":true,"showParticleSystems":true,"showVisualEffectGraphs":true,"m_FxEnabled":false},"in2DMode":false,"pivot":{"x":0.6379343271255493,"y":0.47930532693862917,"z":0.45721590518951418},"rotation":{"x":0.01014164462685585,"y":-0.9830263257026672,"z":0.1740279346704483,"w":0.057275835424661639},"size":4.018383979797363,"orthographic":false}