{"cameraMode":{"drawMode":0,"name":"Shaded","section":"Shading Mode"},"sceneLighting":true,"audioPlay":false,"sceneViewState":{"m_AlwaysRefresh":false,"showFog":true,"showSkybox":true,"showFlares":true,"showImageEffects":true,"showParticleSystems":true,"showVisualEffectGraphs":true,"m_FxEnabled":false},"in2DMode":false,"pivot":{"x":3.8766818046569826,"y":0.9752449989318848,"z":5.126088619232178},"rotation":{"x":0.09140320867300034,"y":0.29074713587760928,"z":-0.027920706197619439,"w":0.9520279169082642},"size":5.875970840454102,"orthographic":false}